

{ 
    "decoded_payload": {
        "Best_CO": 107.89993159762298,
        "Best_NO2": 78.04060186936086,
        "Best_OX": 1.4727001176942067,
        "Best_SO2": null,
        "CO_1": 173.5176991150442,
        "CO_2": 86.20973451327431,
        "CO_3": 63.97236116455045,
        "CO_4": -792.4557522123894,
        "CO_AE": 334.68,
        "CO_WE": 350.81,
        "DATA": "21/6/24",
        "HORA": "17:59:47",
        "NO2_1": 78.71084337349399,
        "NO2_2": 79.80671565184505,
        "NO2_3": 75.60424658274354,
        "NO2_4": -616.9277108433735,
        "NO2_AE": 220.87,
        "NO2_WE": 250.68,
        "OX_1": 0.6555368005308901,
        "OX_2": -3.779667634673545,
        "OX_3": 2.2898634348575233,
        "OX_4": -815.0495914045973,
        "OX_AE": 222,
        "OX_WE": 221.43,
        "SO2_1": -1953.8362989323841,
        "SO2_2": -1352.7117437722418,
        "SO2_3": -2067.135231316726,
        "SO2_4": -210.8433734939759,
        "SO2_AE": 340.12,
        "SO2_WE": 385.5,
        "Temperatura": 32.08,
        "Umidade": 42.9
    } 
}
